Full Name,Normalized Score
Enrico Giudice,0.1111111111111111
Jack Kuipers,0.1111111111111111
Giusi Moffa,0.1111111111111111
Neville Kitson,0.06666666666666667
Anthony Constantinou,0.06666666666666667
Guo Zhigao,0.06666666666666667
Yang Liu,0.06666666666666667
Kiattikun Chobtham,0.06666666666666667
Peter Spirtes,0.1111111111111111
Clark Glymour,0.1111111111111111
Richard Scheines,0.1111111111111111
Stan Development Team,0.3333333333333333
